{
  "project_info": {
    "project_number": "486234891482",
    "project_id": "lddm-22c9e",
    "storage_bucket": "lddm-22c9e.appspot.com"
  },
  "client": [
    {
      "client_info": {
        "mobilesdk_app_id": "1:486234891482:android:62dfc85cdc5af7ee2ff1e3",
        "android_client_info": {
          "package_name": "com.rafael.contatos"
        }
      },
      "oauth_client": [
        {
          "client_id": "486234891482-r5f9t5taalg31daetl0v30p682mmmvcn.apps.googleusercontent.com",
          "client_type": 3
        }
      ],
      "api_key": [
        {
          "current_key": "AIzaSyAxavJYtzlAwSdOppn5xvzInGlyDtYGs_M"
        }
      ],
      "services": {
        "appinvite_service": {
          "other_platform_oauth_client": [
            {
              "client_id": "486234891482-r5f9t5taalg31daetl0v30p682mmmvcn.apps.googleusercontent.com",
              "client_type": 3
            }
          ]
        }
      }
    }
  ],
  "configuration_version": "1"
}